,Load Target (%)
0,11.842691266284106
250,11.842691266284106
500,11.842691266284106
750,11.842691266284106
1000,11.842691266284106
1250,11.842691266284106
1500,11.882835982441009
1750,11.882835982441009
2000,11.882835982441009
2250,11.882835982441009
2500,11.882835982441009
2750,11.882835982441009
3000,11.882835982441009
3250,11.882835982441009
3500,11.882835982441009
3750,11.882835982441009
4000,11.882835982441009
4250,11.882835982441009
4500,11.882835982441009
4750,11.882835982441009
5000,11.882835982441009
5250,11.882835982441009
5500,11.882835982441009
5750,11.882835982441009
6000,11.882835982441009
6250,11.882835982441009
6500,16.860780785896026
6750,16.860780785896026
7000,16.860780785896026
7250,16.860780785896026
7500,16.860780785896026
7750,12.493035668025811
8000,15.415571004247795
8250,11.079941659303104
8500,11.079941659303104
8750,11.079941659303104
9000,11.079941659303104
9250,11.079941659303104
9500,12.685730305578916
9750,12.685730305578916
10000,12.685730305578916
10250,12.685730305578916
10500,12.685730305578916
10750,12.685730305578916
11000,13.809782357971983
11250,13.809782357971983
11500,13.809782357971983
11750,13.809782357971983
12000,13.809782357971983
12250,11.882835982441009
12500,11.882835982441009
12750,11.882835982441009
13000,11.882835982441009
13250,11.882835982441009
13500,11.882835982441009
13750,11.882835982441009
14000,11.882835982441009
14250,11.882835982441009
14500,11.922980698597895
14750,11.922980698597895
15000,11.922980698597895
15250,11.922980698597895
15500,11.922980698597895
15750,11.922980698597895
16000,11.922980698597895
16250,11.922980698597895
16500,11.922980698597895
16750,11.922980698597895
17000,11.922980698597895
17250,12.471625152742135
17500,12.471625152742135
17750,12.471625152742135
18000,12.471625152742135
18250,12.471625152742135
18500,12.471625152742135
18750,12.471625152742135
19000,16.2184653273857
19250,16.2184653273857
19500,11.240520523930684
19750,11.240520523930684
20000,11.240520523930684
20250,11.240520523930684
20500,14.291518951854728
20750,14.291518951854728
21000,14.291518951854728
21250,12.792782881997297
21500,14.933834410365051
21750,14.050650654913355
22000,18.359516855753455
22250,18.359516855753455
22500,18.359516855753455
22750,23.685382532568227
23000,23.685382532568227
23250,21.678146724723465
23500,20.23293694307523
23750,18.145411702916675
24000,18.145411702916675
24250,18.145411702916675
24500,14.933834410365051
24750,14.933834410365051
25000,14.933834410365051
25250,9.875600174596244
25500,9.875600174596244
25750,13.060414323043275
26000,13.060414323043275
26250,11.17170101051886
26500,11.17170101051886
26750,11.17170101051886
27000,14.291518951854728
27250,14.291518951854728
27500,17.34251737977877
27750,17.34251737977877
28000,22.64161991248895
28250,22.64161991248895
28500,26.281407510714132
28750,26.281407510714132
29000,27.780143580571547
29250,24.488276855706133
29500,24.488276855706133
29750,24.488276855706133
30000,17.50309624440635
30250,17.50309624440635
30500,17.50309624440635
30750,17.50309624440635
31000,17.50309624440635
31250,17.50309624440635
31500,20.875252401585556
31750,20.875252401585556
32000,20.875252401585556
32250,20.875252401585556
32500,20.875252401585556
32750,19.189174322995953
33000,19.189174322995953
33250,17.824253973661513
33500,17.824253973661513
33750,17.824253973661513
34000,17.824253973661513
34250,21.67814672472346
34500,21.67814672472346
34750,21.67814672472346
35000,21.67814672472346
35250,23.966395545666504
35500,23.966395545666504
35750,23.966395545666504
36000,23.966395545666504
36250,23.966395545666504
36500,23.966395545666504
36750,23.966395545666504
37000,23.765671964882017
37250,23.765671964882017
37500,23.765671964882017
37750,23.765671964882017
38000,23.765671964882017
38250,23.765671964882017
38500,18.841253449636188
38750,18.841253449636188
39000,20.23293694307523
39250,22.052830742187822
39500,22.052830742187822
39750,22.052830742187822
40000,22.052830742187822
40250,23.605093100254436
40500,23.605093100254436
40750,23.605093100254436
41000,22.400751615547577
41250,22.400751615547577
41500,22.400751615547577
41750,22.400751615547577
42000,20.714673536957974
42250,20.714673536957974
42500,20.714673536957974
42750,17.824253973661513
43000,17.824253973661513
43250,17.824253973661513
43500,15.254992139620214
43750,15.254992139620214
44000,15.254992139620214
44250,11.240520523930684
44500,11.240520523930684
44750,12.444862008637545
45000,13.970361222599564
45250,8.724784978098583
45500,9.955889606910034
45750,9.955889606910034
46000,19.751200349192487
46250,13.32804576408924
46500,13.32804576408924
46750,13.32804576408924
47000,8.550824541418692
47250,8.550824541418692
47500,8.550824541418692
47750,8.550824541418692
48000,6.797838602567609
48250,10.491152489001976
48500,10.491152489001976
48750,10.491152489001976
49000,10.491152489001976
49250,11.82930969423181
49500,11.82930969423181
49750,11.82930969423181
50000,11.82930969423181
50250,11.82930969423181
50500,10.357336768478987
50750,10.357336768478987
51000,10.357336768478987
51250,7.547206637496315
51500,7.547206637496315
51750,12.04341484706859
52000,12.04341484706859
52250,8.854777392320898
52500,8.854777392320898
52750,8.854777392320898
53000,10.54467877721116
53250,10.54467877721116
53500,10.54467877721116
53750,10.54467877721116
54000,10.710610270659664
54250,10.710610270659664
54500,10.710610270659664
54750,7.868364366751479
55000,7.868364366751479
55250,7.868364366751479
55500,6.744312314358411
55750,6.744312314358411
56000,5.620260261965342
56250,5.620260261965342
56500,5.620260261965342
56750,3.9341821833757398
57000,3.9341821833757398
57250,1.7842096069731352
57500,1.7842096069731352
57750,1.7842096069731352
58000,1.7842096069731352
58250,1.7842096069731352
58500,1.7842096069731352
58750,0.19269463755310298
59000,0.19269463755310298
59250,0.19269463755310298
59500,0.19269463755310298
59750,0.19269463755310298
60000,0.19269463755310298
60250,0.19269463755310298
60500,0.19269463755310298
60750,1.9804726637401728
61000,1.9804726637401728
61250,0.7226048908241154
61500,0.0
61750,0.0
62000,0.0
62250,3.372156157179205
62500,3.372156157179205
62750,3.372156157179205
63000,3.372156157179205
63250,3.372156157179205
63500,1.8065122270602814
63750,1.8065122270602814
64000,1.8065122270602814
64250,1.8065122270602814
64500,1.8065122270602814
64750,1.8065122270602814
65000,1.8065122270602814
65250,1.5522623580665993
65500,1.5522623580665993
65750,1.5522623580665993
66000,1.5522623580665993
66250,1.5522623580665993
66500,1.5522623580665993
66750,1.5522623580665993
67000,1.5522623580665993
67250,1.5522623580665993
67500,0.12043414847067879
67750,0.12043414847067879
68000,0.12043414847067879
68250,0.12043414847067879
68500,0.12043414847067879
68750,0.12043414847067879
69000,0.12043414847067879
69250,0.12043414847067879
69500,0.12043414847067879
69750,0.12043414847067879
70000,0.0
70250,0.0
70500,0.0
70750,0.0
71000,0.0
71250,0.0
71500,0.0
71750,0.0
72000,0.0
72250,0.0
72500,0.10705257641836849
72750,0.10705257641836849
73000,0.10705257641836849
73250,0.10705257641836849
73500,0.10705257641836849
73750,0.10705257641836849
74000,0.10705257641836849
74250,1.2444862008637472
74500,1.2444862008637472
74750,1.2444862008637472
75000,1.2444862008637472
75250,1.2444862008637472
75500,1.2444862008637472
75750,1.2444862008637472
76000,1.1240520523930684
76250,1.1240520523930684
76500,1.1240520523930684
76750,1.1240520523930684
77000,1.1240520523930684
77250,0.0
77500,0.0
77750,0.0
78000,0.0
78250,0.0
78500,0.0
78750,0.0
79000,0.0
79250,0.2248104104785965
79500,0.2248104104785965
79750,0.2248104104785965
80000,0.2248104104785965
80250,0.2248104104785965
80500,0.2248104104785965
80750,0.2248104104785965
81000,0.2248104104785965
81250,0.2248104104785965
81500,0.2248104104785965
81750,0.0
82000,0.0
82250,0.0
82500,0.0
82750,0.0
83000,0.0
83250,0.0
83500,0.0
83750,0.0
84000,0.0
84250,0.0
84500,0.16057886462758109
84750,0.16057886462758109
85000,0.16057886462758109
85250,0.16057886462758109
85500,0.16057886462758109
85750,0.16057886462758109
86000,0.16057886462758109
86250,1.605788646275812
86500,1.605788646275812
86750,1.605788646275812
87000,1.605788646275812
87250,1.605788646275812
87500,1.605788646275812
87750,0.0
88000,0.0
88250,0.0
88500,0.0
88750,0.0
89000,0.0
89250,0.0
89500,0.0
89750,0.0
90000,0.0
90250,0.0
90500,0.0
90750,0.0
91000,0.0
91250,0.0
91500,0.0
91750,0.0
92000,0.0
92250,0.0
92500,0.0
92750,0.0
93000,0.0
93250,0.0
93500,0.0
93750,0.0
94000,0.0
94250,0.0
94500,0.0
94750,0.0
95000,0.040144716156888194
95250,0.040144716156888194
95500,0.040144716156888194
95750,0.040144716156888194
96000,0.040144716156888194
96250,0.040144716156888194
96500,0.040144716156888194
96750,0.040144716156888194
97000,2.408682969413718
97250,2.408682969413718
97500,0.802894323137906
97750,0.802894323137906
98000,0.802894323137906
98250,0.802894323137906
98500,0.0802894323137906
98750,0.0802894323137906
99000,0.0802894323137906
99250,0.0802894323137906
99500,0.0802894323137906
99750,0.0802894323137906
100000,0.0802894323137906
100250,1.4452097816482308
100500,1.4452097816482308
100750,1.4452097816482308
101000,1.4452097816482308
101250,1.4452097816482308
101500,0.0802894323137906
101750,0.0802894323137906
102000,0.0802894323137906
102250,0.0802894323137906
102500,0.0802894323137906
102750,0.0802894323137906
103000,0.0802894323137906
103250,0.0802894323137906
103500,0.16057886462758109
103750,0.16057886462758109
104000,0.16057886462758109
104250,0.16057886462758109
104500,0.16057886462758109
104750,0.16057886462758109
105000,0.16057886462758109
105250,0.16057886462758109
105500,0.16057886462758109
105750,0.16057886462758109
106000,0.3211577292551623
106250,0.3211577292551623
106500,0.3211577292551623
106750,0.3211577292551623
107000,0.3211577292551623
107250,0.3211577292551623
107500,0.3211577292551623
107750,0.3211577292551623
108000,0.3211577292551623
108250,0.3211577292551623
108500,0.3211577292551623
108750,0.4496208209572074
109000,0.4496208209572074
109250,0.4496208209572074
109500,0.4496208209572074
109750,0.4496208209572074
110000,0.4496208209572074
110250,0.4496208209572074
110500,0.4496208209572074
110750,0.4496208209572074
111000,0.4496208209572074
111250,0.4496208209572074
111500,0.20072358078446928
111750,0.20072358078446928
112000,0.20072358078446928
112250,0.20072358078446928
112500,0.20072358078446928
112750,0.20072358078446928
113000,0.20072358078446928
113250,0.20072358078446928
113500,0.20072358078446928
113750,0.20072358078446928
114000,0.4496208209572074
114250,0.4496208209572074
114500,0.4496208209572074
114750,0.4496208209572074
115000,0.4496208209572074
115250,0.4496208209572074
115500,0.4496208209572074
115750,0.4496208209572074
116000,0.4496208209572074
116250,0.4496208209572074
116500,0.4496208209572074
116750,0.6021707423534295
117000,0.6021707423534295
117250,0.6021707423534295
117500,0.6021707423534295
117750,0.6021707423534295
118000,0.6021707423534295
118250,0.6021707423534295
118500,0.6021707423534295
118750,0.6021707423534295
119000,0.6021707423534295
119250,0.21410515283677958
119500,0.21410515283677958
119750,0.21410515283677958
120000,0.21410515283677958
120250,0.21410515283677958
120500,0.21410515283677958
120750,1.4452097816482308
121000,1.4452097816482308
121250,1.4452097816482308
121500,1.4452097816482308
121750,1.4452097816482308
122000,0.0
122250,0.0
122500,0.0
122750,0.0
123000,0.0
123250,0.0
123500,0.0
123750,0.0
124000,0.0
124250,0.0
124500,0.0
124750,0.2676314410459496
125000,0.2676314410459496
125250,0.2676314410459496
125500,0.2676314410459496
125750,0.2676314410459496
126000,0.2676314410459496
126250,0.2676314410459496
126500,0.2676314410459496
126750,0.2676314410459496
127000,0.2676314410459496
127250,0.0
127500,0.0
127750,0.0
128000,0.0
128250,0.0
128500,0.0
128750,0.0
129000,0.0
129250,0.0
129500,0.6423154585103247
129750,0.6423154585103247
130000,0.6423154585103247
130250,0.6423154585103247
130500,0.6423154585103247
130750,0.6423154585103247
131000,0.6423154585103247
131250,0.6423154585103247
131500,0.0
131750,0.0
132000,0.0
132250,0.0
132500,0.0
132750,0.0
133000,0.0
133250,0.0
133500,0.0
133750,0.2248104104785965
134000,0.2248104104785965
134250,0.2248104104785965
134500,0.2248104104785965
134750,0.2248104104785965
135000,0.2248104104785965
135250,0.2248104104785965
135500,0.2248104104785965
135750,0.2248104104785965
136000,0.2248104104785965
136250,0.3479208733597402
136500,0.3479208733597402
136750,0.3479208733597402
137000,0.3479208733597402
137250,0.3479208733597402
137500,0.3479208733597402
137750,0.3479208733597402
138000,0.3479208733597402
138250,0.3479208733597402
138500,0.3479208733597402
138750,0.2676314410459496
139000,0.2676314410459496
139250,0.2676314410459496
139500,0.2676314410459496
139750,0.2676314410459496
140000,0.2676314410459496
140250,1.1418941484628105
140500,1.1418941484628105
140750,1.1418941484628105
141000,1.1418941484628105
141250,1.1418941484628105
141500,1.1418941484628105
141750,0.5887891703011405
142000,0.5887891703011405
142250,0.5887891703011405
142500,0.5887891703011405
142750,0.5887891703011405
143000,0.5887891703011405
143250,0.5887891703011405
143500,0.5887891703011405
143750,0.5887891703011405
144000,0.5887891703011405
144250,0.5887891703011405
144500,0.0
144750,0.0
145000,0.0
145250,0.0
145500,0.0
145750,0.0
146000,0.0
146250,0.0
146500,0.0
146750,0.0
147000,0.0
147250,0.0
147500,0.0
147750,0.0
148000,0.0
148250,0.0
148500,0.0
148750,0.0
149000,0.0
149250,0.0
149500,0.5459681397337589
149750,0.5459681397337589
150000,0.5459681397337589
150250,0.5459681397337589
150500,0.5459681397337589
150750,0.5459681397337589
151000,0.5459681397337589
151250,0.5459681397337589
151500,0.5459681397337589
151750,0.5459681397337589
152000,0.6958417467195233
152250,0.6958417467195233
152500,0.6958417467195233
152750,0.6958417467195233
153000,0.6958417467195233
153250,0.6958417467195233
153500,0.0
153750,0.0
154000,0.0
154250,0.0
154500,1.0437626200792778
154750,1.0437626200792778
155000,1.0437626200792778
155250,1.0437626200792778
155500,1.0437626200792778
155750,1.0437626200792778
156000,1.0437626200792778
156250,1.0437626200792778
156500,0.040144716156888194
156750,0.040144716156888194
157000,0.040144716156888194
157250,0.040144716156888194
157500,0.040144716156888194
157750,0.040144716156888194
158000,0.040144716156888194
158250,0.040144716156888194
158500,0.040144716156888194
158750,0.20072358078446928
159000,0.20072358078446928
159250,0.20072358078446928
159500,0.20072358078446928
159750,0.20072358078446928
160000,0.20072358078446928
160250,0.20072358078446928
160500,1.2846309170206496
160750,1.2846309170206496
161000,1.2846309170206496
161250,1.2846309170206496
161500,1.2846309170206496
161750,0.21410515283677958
162000,0.21410515283677958
162250,0.21410515283677958
162500,0.21410515283677958
162750,0.21410515283677958
163000,1.5254992139620214
163250,1.5254992139620214
163500,1.5254992139620214
163750,1.5254992139620214
164000,1.5254992139620214
164250,1.5254992139620214
164500,0.16057886462758109
164750,0.16057886462758109
165000,0.16057886462758109
165250,0.16057886462758109
165500,0.16057886462758109
165750,0.16057886462758109
166000,0.802894323137906
166250,0.802894323137906
166500,0.802894323137906
166750,0.802894323137906
167000,0.802894323137906
167250,0.802894323137906
167500,1.2444862008637543
167750,1.2444862008637543
168000,1.2444862008637543
168250,1.2444862008637543
168500,1.2444862008637543
168750,1.2444862008637543
169000,1.2444862008637543
169250,1.2444862008637543
169500,0.37468401746436075
169750,0.37468401746436075
170000,0.37468401746436075
170250,0.37468401746436075
170500,0.37468401746436075
170750,1.4452097816482308
171000,1.4452097816482308
171250,1.4452097816482308
171500,1.4452097816482308
171750,1.4452097816482308
172000,1.4452097816482308
172250,0.4282103056735308
172500,0.4282103056735308
172750,0.4282103056735308
173000,0.4282103056735308
173250,0.4282103056735308
173500,1.4452097816482308
173750,1.4452097816482308
174000,1.4452097816482308
174250,1.4452097816482308
174500,1.4452097816482308
174750,0.16057886462758109
175000,0.16057886462758109
175250,0.16057886462758109
175500,0.16057886462758109
175750,0.16057886462758109
176000,0.16057886462758109
176250,0.16057886462758109
176500,0.16057886462758109
176750,0.802894323137906
177000,0.802894323137906
177250,0.802894323137906
177500,0.802894323137906
177750,0.802894323137906
178000,0.10705257641836849
178250,0.10705257641836849
178500,0.10705257641836849
178750,0.10705257641836849
179000,0.10705257641836849
179250,0.7226048908241154
179500,0.7226048908241154
179750,0.7226048908241154
180000,0.7226048908241154
180250,0.7226048908241154
180500,0.21410515283677958
180750,0.21410515283677958
181000,0.21410515283677958
181250,0.21410515283677958
181500,1.4452097816482308
181750,1.4452097816482308
182000,1.4452097816482308
182250,1.4452097816482308
182500,1.4452097816482308
182750,0.0802894323137906
183000,0.0802894323137906
183250,0.0802894323137906
183500,0.0802894323137906
183750,0.0802894323137906
184000,0.0802894323137906
184250,0.0802894323137906
184500,0.7627496069810036
184750,0.7627496069810036
185000,0.7627496069810036
185250,0.7627496069810036
185500,0.7627496069810036
185750,0.7627496069810036
186000,0.7627496069810036
186250,0.7627496069810036
186500,0.24086829694137168
186750,0.24086829694137168
187000,0.24086829694137168
187250,0.24086829694137168
187500,0.24086829694137168
187750,0.24086829694137168
188000,0.24086829694137168
188250,0.24086829694137168
188500,1.4452097816482308
188750,1.4452097816482308
189000,1.4452097816482308
189250,1.4452097816482308
189500,1.4452097816482308
189750,1.4452097816482308
190000,0.12043414847067879
190250,0.12043414847067879
190500,0.12043414847067879
190750,0.12043414847067879
191000,0.12043414847067879
191250,0.12043414847067879
191500,0.12043414847067879
191750,0.2248104104785965
192000,0.2248104104785965
192250,0.2248104104785965
192500,0.2248104104785965
192750,0.2248104104785965
193000,0.2248104104785965
193250,1.1240520523930684
193500,1.1240520523930684
193750,1.1240520523930684
194000,1.1240520523930684
194250,1.1240520523930684
194500,0.0
194750,0.0
195000,0.0
195250,0.0
195500,0.0
195750,0.0
196000,0.0
196250,0.0
196500,0.0
196750,0.0
197000,0.3211577292551623
197250,0.3211577292551623
197500,0.3211577292551623
197750,0.3211577292551623
198000,0.3211577292551623
198250,0.3211577292551623
198500,0.3211577292551623
198750,0.9634731877654872
199000,0.9634731877654872
199250,0.9634731877654872
199500,0.9634731877654872
199750,0.9634731877654872
200000,0.9634731877654872
200250,0.10705257641836849
200500,0.10705257641836849
200750,0.10705257641836849
201000,1.4452097816482308
201250,1.4452097816482308
201500,1.4452097816482308
201750,1.4452097816482308
202000,1.4452097816482308
202250,1.4452097816482308
202500,0.0
202750,0.0
203000,0.0
203250,0.0
203500,0.0
203750,0.0
204000,0.0
204250,0.0
204500,0.0
204750,0.4817365938827435
205000,0.4817365938827435
205250,0.4817365938827435
205500,0.4817365938827435
205750,0.4817365938827435
206000,0.4817365938827435
206250,0.4817365938827435
206500,0.4817365938827435
206750,0.4817365938827435
207000,0.4817365938827435
207250,0.4817365938827435
207500,0.4175050480317139
207750,0.4175050480317139
208000,0.4175050480317139
208250,0.4175050480317139
208500,0.4175050480317139
208750,0.4175050480317139
209000,0.4175050480317139
209250,0.4175050480317139
209500,0.6423154585103247
209750,0.6423154585103247
210000,0.6423154585103247
210250,0.6423154585103247
210500,0.6423154585103247
210750,0.6423154585103247
211000,0.6423154585103247
211250,0.0
211500,0.0
211750,0.0
212000,0.0
212250,0.0
212500,0.0
212750,0.0
213000,0.0
213250,0.0
213500,0.3211577292551623
213750,0.3211577292551623
214000,0.3211577292551623
214250,0.3211577292551623
214500,0.3211577292551623
214750,0.3211577292551623
215000,0.3211577292551623
215250,0.3211577292551623
215500,0.3211577292551623
215750,0.3211577292551623
216000,0.6101996855847887
216250,0.6101996855847887
216500,0.6101996855847887
216750,0.6101996855847887
217000,0.6101996855847887
217250,0.6101996855847887
217500,0.6101996855847887
217750,0.6101996855847887
218000,0.0
218250,0.0
218500,0.0
218750,0.0
219000,0.0
219250,0.0
219500,0.0
219750,0.0
220000,0.0
220250,0.0
220500,0.0
220750,0.0
221000,0.0
221250,0.0
221500,0.0
221750,0.0
222000,0.0
222250,0.0
222500,0.0
222750,0.0
223000,0.0
223250,0.0
223500,0.0
223750,0.0
224000,0.0
224250,0.0
224500,0.0
224750,0.0
225000,0.0
225250,0.2676314410459496
225500,0.2676314410459496
225750,0.2676314410459496
226000,0.2676314410459496
226250,0.2676314410459496
226500,0.2676314410459496
226750,0.2676314410459496
227000,0.2676314410459496
227250,0.2676314410459496
227500,0.2676314410459496
227750,0.2676314410459496
228000,0.12043414847067879
228250,0.12043414847067879
228500,0.12043414847067879
228750,0.12043414847067879
229000,0.12043414847067879
229250,0.12043414847067879
229500,0.12043414847067879
229750,0.12043414847067879
230000,0.12043414847067879
230250,0.12043414847067879
230500,0.16057886462758109
230750,0.16057886462758109
231000,0.16057886462758109
231250,0.16057886462758109
231500,0.16057886462758109
231750,0.16057886462758109
232000,0.16057886462758109
232250,0.16057886462758109
232500,0.16057886462758109
232750,0.16057886462758109
233000,0.0
233250,0.0
233500,0.0
233750,0.0
234000,0.0
234250,0.0
234500,0.0
234750,0.0
235000,0.0
235250,0.0
235500,0.0
235750,0.0
236000,0.0
236250,0.0
236500,0.0
236750,0.0
237000,0.0
237250,0.0
237500,0.0
237750,0.0
238000,0.0
238250,0.0
238500,0.24086829694137168
238750,0.24086829694137168
239000,0.24086829694137168
239250,0.24086829694137168
239500,0.24086829694137168
239750,0.24086829694137168
240000,0.24086829694137168
240250,0.24086829694137168
240500,0.24086829694137168
240750,0.24086829694137168
241000,0.0802894323137906
241250,0.0802894323137906
241500,0.0802894323137906
241750,0.0802894323137906
242000,0.0802894323137906
242250,0.0802894323137906
242500,0.0802894323137906
242750,0.0802894323137906
243000,0.0802894323137906
243250,0.0802894323137906
243500,0.0802894323137906
243750,0.16057886462758109
244000,0.16057886462758109
244250,0.16057886462758109
244500,0.16057886462758109
244750,0.16057886462758109
245000,0.16057886462758109
245250,0.16057886462758109
245500,0.16057886462758109
245750,0.16057886462758109
246000,0.16057886462758109
246250,0.2890419563296262
246500,0.2890419563296262
246750,0.2890419563296262
247000,0.2890419563296262
247250,0.2890419563296262
247500,0.2890419563296262
247750,0.2890419563296262
248000,0.2890419563296262
248250,0.2890419563296262
248500,0.2890419563296262
248750,0.2890419563296262
249000,0.4175050480317139
249250,0.4175050480317139
249500,0.4175050480317139
249750,0.4175050480317139
250000,0.4175050480317139
250250,0.4175050480317139
250500,0.4175050480317139
250750,0.4175050480317139
251000,0.4175050480317139
251250,0.4175050480317139
251500,0.6423154585103247
251750,0.6423154585103247
252000,0.6423154585103247
252250,0.6423154585103247
252500,0.6423154585103247
252750,0.6423154585103247
253000,0.6423154585103247
253250,0.6423154585103247
253500,0.6423154585103247
253750,0.24086829694137168
254000,0.24086829694137168
254250,0.24086829694137168
254500,0.24086829694137168
254750,0.24086829694137168
255000,0.24086829694137168
255250,0.24086829694137168
255500,0.24086829694137168
255750,0.24086829694137168
256000,0.6101996855847887
256250,0.6101996855847887
256500,0.6101996855847887
256750,0.6101996855847887
257000,0.6101996855847887
257250,0.6101996855847887
257500,0.6101996855847887
257750,0.6101996855847887
258000,0.6101996855847887
258250,0.33186298689700766
258500,0.33186298689700766
258750,0.33186298689700766
259000,0.33186298689700766
259250,0.33186298689700766
259500,0.33186298689700766
259750,0.33186298689700766
260000,0.33186298689700766
260250,0.33186298689700766
260500,0.33186298689700766
260750,0.5754075982488303
261000,0.5754075982488303
261250,0.5754075982488303
261500,0.5754075982488303
261750,0.5754075982488303
262000,0.5754075982488303
262250,0.5754075982488303
262500,0.5754075982488303
262750,0.0
263000,0.0
263250,0.0
263500,0.0
263750,0.0
264000,0.0
264250,0.0
264500,0.0
264750,0.0
265000,0.3532735021806842
265250,0.3532735021806842
265500,0.3532735021806842
265750,0.3532735021806842
266000,0.3532735021806842
266250,0.3532735021806842
266500,0.3532735021806842
266750,0.3532735021806842
267000,0.3532735021806842
267250,0.3532735021806842
267500,0.2676314410459496
267750,0.2676314410459496
268000,0.2676314410459496
268250,0.2676314410459496
268500,0.2676314410459496
268750,0.2676314410459496
269000,0.2676314410459496
269250,0.2676314410459496
269500,0.2676314410459496
269750,0.2676314410459496
270000,0.0
270250,0.0
270500,0.0
270750,0.0
271000,0.0
271250,0.0
271500,0.0
271750,0.0
272000,0.0
272250,0.0
272500,0.0
272750,0.2569261834041327
273000,0.2569261834041327
273250,0.2569261834041327
273500,0.2569261834041327
273750,0.2569261834041327
274000,0.2569261834041327
274250,0.2569261834041327
274500,0.2569261834041327
274750,0.2569261834041327
275000,0.2569261834041327
275250,0.0
275500,0.0
275750,0.0
276000,0.0
276250,0.0
276500,0.0
276750,0.0
277000,0.0
277250,0.0
277500,0.0
277750,0.0
278000,0.2810130130982599
278250,0.2810130130982599
278500,0.2810130130982599
278750,0.2810130130982599
279000,0.2810130130982599
279250,0.2810130130982599
279500,0.2810130130982599
279750,0.2810130130982599
280000,0.2810130130982599
280250,0.2810130130982599
280500,0.2810130130982599
280750,0.3211577292551623
281000,0.3211577292551623
281250,0.3211577292551623
281500,0.3211577292551623
281750,0.3211577292551623
282000,0.3211577292551623
282250,0.3211577292551623
282500,0.3211577292551623
282750,0.3211577292551623
283000,1.605788646275812
283250,1.605788646275812
283500,1.605788646275812
283750,1.605788646275812
284000,1.605788646275812
284250,0.19269463755310298
284500,0.19269463755310298
284750,0.19269463755310298
285000,0.19269463755310298
285250,0.19269463755310298
285500,0.19269463755310298
285750,0.0
286000,0.0
286250,0.0
286500,0.0
286750,0.0
287000,0.0
287250,0.0
287500,0.0
287750,0.0
288000,0.0
288250,0.0
288500,0.33186298689700766
288750,0.33186298689700766
289000,0.33186298689700766
289250,0.33186298689700766
289500,0.33186298689700766
289750,0.33186298689700766
290000,0.33186298689700766
290250,3.8538927510619487
290500,3.8538927510619487
290750,1.7663675109033932
291000,1.7663675109033932
291250,1.7663675109033932
291500,1.7663675109033932
291750,0.2810130130982599
292000,0.2810130130982599
292250,0.2810130130982599
292500,0.2810130130982599
292750,0.2810130130982599
293000,0.2810130130982599
293250,0.2810130130982599
293500,0.2810130130982599
293750,1.1240520523930684
294000,1.1240520523930684
294250,1.1240520523930684
294500,1.1240520523930684
294750,0.21410515283677958
295000,0.21410515283677958
295250,2.6495512663550898
295500,2.6495512663550898
295750,4.335629344944692
296000,4.335629344944692
296250,4.335629344944692
296500,4.335629344944692
296750,0.0
297000,0.0
297250,0.0
297500,0.0
297750,0.0
298000,0.0
298250,0.0
298500,0.0
298750,0.3211577292551623
299000,0.3211577292551623
299250,0.3211577292551623
299500,0.3211577292551623
299750,0.3211577292551623
300000,1.8305990567544228
300250,1.8305990567544228
300500,3.6933138864343675
300750,3.6933138864343675
301000,3.6933138864343675
301250,3.6933138864343675
301500,3.6933138864343675
301750,1.5254992139620214
302000,1.5254992139620214
302250,1.5254992139620214
302500,1.5254992139620214
302750,1.5254992139620214
303000,1.5254992139620214
303250,1.5254992139620214
303500,0.16057886462758109
303750,0.16057886462758109
304000,0.16057886462758109
304250,0.16057886462758109
304500,0.16057886462758109
304750,0.16057886462758109
305000,0.16057886462758109
305250,5.941417991220504
305500,5.941417991220504
305750,5.941417991220504
306000,5.941417991220504
306250,2.35515668120452
306500,9.152995283772128
306750,3.9341821833757398
307000,3.9341821833757398
307250,3.9341821833757398
307500,0.7226048908241154
307750,0.7226048908241154
308000,0.7226048908241154
308250,0.7226048908241154
308500,4.255339912630902
308750,4.255339912630902
309000,2.7298406986688803
309250,2.7298406986688803
309500,2.7298406986688803
309750,2.7298406986688803
310000,0.825834160941838
310250,0.825834160941838
310500,0.825834160941838
310750,0.825834160941838
311000,0.825834160941838
311250,0.825834160941838
311500,4.656787074199855
311750,4.656787074199855
312000,4.656787074199855
312250,12.685730305578915
312500,12.685730305578915
312750,12.685730305578915
313000,21.035831266213137
313250,21.035831266213137
313500,21.035831266213137
313750,16.860780785896026
314000,16.860780785896026
314250,16.860780785896026
314500,12.8061644540496
314750,12.8061644540496
315000,12.8061644540496
315250,12.8061644540496
315500,9.594587161497977
315750,9.594587161497977
316000,9.594587161497977
316250,9.594587161497977
316500,7.921890654960677
316750,7.921890654960677
317000,7.921890654960677
317250,7.921890654960677
317500,7.921890654960677
317750,7.921890654960677
318000,7.921890654960677
318250,6.302720436632555
318500,6.302720436632555
318750,6.302720436632555
319000,6.302720436632555
319250,6.302720436632555
319500,6.302720436632555
319750,6.302720436632555
320000,6.302720436632555
320250,6.302720436632555
320500,7.011943755404374
320750,7.011943755404374
321000,7.011943755404374
321250,7.011943755404374
321500,5.2991025327101795
321750,5.2991025327101795
322000,5.2991025327101795
322250,1.5254992139620214
322500,1.5254992139620214
322750,1.5254992139620214
323000,4.054616331846418
323250,4.054616331846418
323500,4.054616331846418
323750,4.054616331846418
324000,4.054616331846418
324250,4.134905764160209
324500,4.134905764160209
324750,4.134905764160209
325000,4.134905764160209
325250,4.134905764160209
325500,0.6423154585103247
325750,0.6423154585103247
326000,21.035831266213137
326250,21.035831266213137
326500,12.525151440951333
326750,12.525151440951333
327000,12.525151440951333
327250,3.6933138864343675
327500,3.6933138864343675
327750,3.6933138864343675
328000,3.6933138864343675
328250,2.408682969413718
328500,4.656787074199855
328750,7.547206637496315
329000,6.342865152789457
329250,6.342865152789457
329500,9.47415301302729
329750,9.47415301302729
330000,4.977944803455017
330250,4.977944803455017
330500,3.4256824453884036
330750,3.4256824453884036
331000,3.4256824453884036
331250,2.0875252401585556
331500,2.0875252401585556
331750,2.0875252401585556
332000,0.16057886462758109
332250,0.16057886462758109
332500,0.16057886462758109
332750,0.16057886462758109
333000,0.16057886462758109
333250,0.16057886462758109
333500,0.16057886462758109
333750,0.2248104104785965
334000,0.2248104104785965
334250,0.2248104104785965
334500,0.2248104104785965
334750,0.2248104104785965
335000,0.2248104104785965
335250,2.0875252401585556
335500,2.0875252401585556
335750,4.335629344944692
336000,4.335629344944692
336250,4.335629344944692
336500,4.335629344944692
336750,4.335629344944692
337000,4.335629344944692
337250,4.737076506513645
337500,4.737076506513645
337750,4.737076506513645
338000,4.737076506513645
338250,4.737076506513645
338500,4.737076506513645
338750,4.737076506513645
339000,4.737076506513645
339250,2.7298406986688803
339500,2.7298406986688803
339750,2.7298406986688803
340000,0.4014471615689529
340250,0.4014471615689529
340500,0.4014471615689529
340750,6.583733449730829
341000,6.583733449730829
341250,6.583733449730829
341500,6.583733449730829
341750,9.152995283772128
342000,7.547206637496315
342250,7.547206637496315
342500,2.6495512663550898
342750,2.6495512663550898
343000,2.6495512663550898
343250,2.6495512663550898
343500,0.3211577292551623
343750,0.3211577292551623
344000,0.3211577292551623
344250,0.3211577292551623
344500,0.3211577292551623
344750,0.3211577292551623
345000,0.3211577292551623
345250,4.175050480317111
345500,4.175050480317111
345750,4.175050480317111
346000,4.175050480317111
346250,4.175050480317111
346500,4.175050480317111
346750,4.175050480317111
347000,4.175050480317111
347250,4.175050480317111
347500,4.175050480317111
347750,4.134905764160209
348000,4.134905764160209
348250,4.134905764160209
348500,4.134905764160209
348750,4.134905764160209
349000,4.134905764160209
349250,4.134905764160209
349500,4.134905764160209
349750,4.134905764160209
350000,0.7627496069810107
350250,0.7627496069810107
350500,0.7627496069810107
350750,0.7627496069810107
351000,2.94394585150566
351250,2.94394585150566
351500,4.817365938827436
351750,4.817365938827436
352000,4.817365938827436
352250,3.8538927510619487
352500,3.8538927510619487
352750,3.8538927510619487
353000,3.8538927510619487
353250,3.8538927510619487
353500,3.8538927510619487
353750,3.8538927510619487
354000,3.8538927510619487
354250,3.653169170277465
354500,3.653169170277465
354750,3.653169170277465
355000,3.653169170277465
355250,3.653169170277465
355500,3.653169170277465
355750,3.653169170277465
356000,3.653169170277465
356250,3.653169170277465
356500,3.653169170277465
356750,3.653169170277465
357000,3.4123008733360933
357250,3.4123008733360933
357500,3.4123008733360933
357750,3.4123008733360933
358000,3.4123008733360933
358250,3.4123008733360933
358500,3.4123008733360933
358750,3.4123008733360933
359000,0.8831837554516966
359250,0.8831837554516966
359500,0.8831837554516966
359750,0.8831837554516966
360000,0.8831837554516966
360250,3.2651035807608224
360500,3.2651035807608224
360750,4.415918777258483
361000,4.415918777258483
361250,4.415918777258483
361500,4.415918777258483
361750,2.408682969413718
362000,2.408682969413718
362250,2.408682969413718
362500,2.408682969413718
362750,2.408682969413718
363000,0.12043414847067879
363250,0.12043414847067879
363500,0.12043414847067879
363750,0.12043414847067879
364000,0.12043414847067879
364250,0.12043414847067879
364500,0.12043414847067879
364750,0.0
365000,0.0
365250,0.0
365500,0.0
365750,0.0
366000,0.0
366250,0.0
366500,0.0
366750,0.0
367000,0.0
367250,1.3649203493344402
367500,1.3649203493344402
367750,1.3649203493344402
368000,1.3649203493344402
368250,1.3649203493344402
368500,1.3649203493344402
368750,0.21410515283677958
369000,0.21410515283677958
369250,4.656787074199855
369500,4.656787074199855
369750,4.656787074199855
370000,14.291518951854727
370250,9.152995283772128
370500,5.620260261965342
370750,5.620260261965342
371000,0.2248104104785965
371250,0.2248104104785965
371500,0.2248104104785965
371750,1.7663675109033932
372000,1.7663675109033932
372250,5.2991025327101795
372500,5.2991025327101795
372750,10.437626200792778
373000,10.437626200792778
373250,13.32804576408924
373500,22.159883318606205
373750,22.159883318606205
374000,22.159883318606205
374250,16.66005720511155
374500,16.66005720511155
374750,21.67814672472346
375000,21.67814672472346
375250,21.67814672472346
375500,10.330573624374395
375750,10.330573624374395
376000,13.542150916926019
376250,9.634731877654872
376500,9.634731877654872
376750,22.400751615547577
377000,22.400751615547577
377250,18.787727161427
377500,18.787727161427
377750,14.291518951854728
378000,14.291518951854728
378250,14.291518951854728
378500,14.291518951854728
378750,8.938890130935349
379000,8.938890130935349
379250,12.525151440951333
379500,10.491152489001976
379750,10.491152489001976
380000,10.491152489001976
380250,10.491152489001976
380500,14.050650654913357
380750,14.050650654913357
381000,14.050650654913357
381250,14.050650654913357
381500,14.050650654913357
381750,14.050650654913357
382000,14.050650654913357
382250,22.240172750919996
382500,22.240172750919996
382750,22.240172750919996
383000,22.240172750919996
383250,18.466569432171838
383500,18.466569432171838
383750,18.466569432171838
384000,11.989888558859391
384250,11.989888558859391
384500,11.989888558859391
384750,13.48862462871682
385000,10.491152489001976
385250,10.491152489001976
385500,9.634731877654872
385750,9.634731877654872
386000,19.751200349192487
386250,19.751200349192487
386500,22.320462183233786
386750,22.320462183233786
387000,20.768199825167173
387250,18.466569432171838
387500,18.466569432171838
387750,15.335281571934004
388000,15.335281571934004
388250,15.335281571934004
388500,15.335281571934004
388750,15.335281571934004
389000,11.454625676767463
389250,11.454625676767463
389500,11.454625676767463
389750,12.725875021735805
390000,12.725875021735805
390250,12.725875021735805
390500,10.277047336165197
390750,10.277047336165197
391000,10.277047336165197
391250,10.277047336165197
391500,7.828219650594583
391750,7.828219650594583
392000,7.828219650594583
392250,7.828219650594583
392500,7.828219650594583
392750,6.1019968558480855
393000,6.1019968558480855
393250,11.079941659303104
393500,11.079941659303104
393750,11.079941659303104
394000,11.079941659303104
394250,16.90092550205292
394500,16.90092550205292
394750,16.90092550205292
395000,22.320462183233786
395250,22.320462183233786
395500,22.320462183233786
395750,22.320462183233786
396000,12.685730305578916
396250,12.685730305578916
396500,12.685730305578916
396750,12.685730305578916
397000,12.846309170206496
397250,12.846309170206496
397500,23.605093100254436
397750,21.999304453978628
398000,19.430042619937325
398250,16.2184653273857
398500,16.2184653273857
398750,16.2184653273857
399000,16.2184653273857
399250,12.444862008637543
399500,12.444862008637543
399750,12.444862008637543
400000,12.444862008637543
400250,12.444862008637543
400500,9.152995283772128
400750,9.152995283772128
401000,6.824601746672201
401250,6.824601746672201
401500,6.824601746672201
401750,6.824601746672201
402000,6.824601746672201
402250,5.727312838383725
402500,5.727312838383725
402750,5.727312838383725
403000,5.727312838383725
403250,1.1240520523930684
403500,1.1240520523930684
403750,2.3016303929953352
404000,4.01447161568953
404250,0.10705257641836849
404500,5.941417991220504
404750,5.941417991220504
405000,5.941417991220504
405250,5.941417991220504
405500,5.941417991220504
405750,3.5327350218067863
406000,3.5327350218067863
406250,3.5327350218067863
406500,3.5327350218067863
406750,0.4014471615689529
407000,0.4014471615689529
407250,1.9804726637401728
407500,4.4962082095722735
407750,4.4962082095722735
408000,4.4962082095722735
408250,4.4962082095722735
408500,9.47415301302729
408750,9.47415301302729
409000,0.6021707423534223
409250,4.977944803455017
409500,2.4729145152647476
409750,2.4729145152647476
410000,3.613024454120577
410250,3.613024454120577
410500,3.613024454120577
410750,3.613024454120577
411000,3.613024454120577
411250,3.613024454120577
411500,3.6933138864343675
411750,3.6933138864343675
412000,3.6933138864343675
412250,3.6933138864343675
412500,3.6933138864343675
412750,3.6933138864343675
413000,3.6933138864343675
413250,3.6933138864343675
413500,3.6933138864343675
413750,3.6933138864343675
414000,3.6933138864343675
414250,4.175050480317111
414500,4.175050480317111
414750,4.175050480317111
415000,4.175050480317111
415250,4.175050480317111
415500,4.175050480317111
415750,4.175050480317111
416000,4.175050480317111
416250,4.175050480317111
416500,4.175050480317111
416750,4.01447161568953
417000,4.01447161568953
417250,4.01447161568953
417500,4.01447161568953
417750,4.01447161568953
418000,4.01447161568953
418250,4.01447161568953
418500,4.01447161568953
418750,4.01447161568953
419000,4.01447161568953
419250,3.586261310015985
419500,3.586261310015985
419750,3.586261310015985
420000,3.586261310015985
420250,3.586261310015985
420500,3.586261310015985
420750,1.7663675109033932
421000,1.7663675109033932
421250,1.7663675109033932
421500,1.7663675109033932
421750,0.040144716156888194
422000,0.040144716156888194
422250,0.040144716156888194
422500,0.040144716156888194
422750,0.040144716156888194
423000,0.040144716156888194
423250,0.16057886462758109
423500,0.16057886462758109
423750,0.16057886462758109
424000,0.16057886462758109
424250,0.16057886462758109
424500,0.16057886462758109
424750,0.16057886462758109
425000,0.16057886462758109
425250,0.16057886462758109
425500,2.9133594011003936
425750,2.9133594011003936
426000,2.9133594011003936
426250,2.9133594011003936
426500,2.9133594011003936
426750,2.9133594011003936
427000,0.8831837554516966
427250,0.8831837554516966
427500,0.8831837554516966
427750,0.8831837554516966
428000,4.4962082095722735
428250,4.4962082095722735
428500,4.4962082095722735
428750,4.4962082095722735
429000,4.4962082095722735
429250,4.4962082095722735
429500,4.4962082095722735
429750,4.4962082095722735
430000,4.4962082095722735
430250,4.4962082095722735
430500,4.8976553711412265
430750,4.8976553711412265
431000,4.8976553711412265
431250,4.8976553711412265
431500,4.8976553711412265
431750,4.8976553711412265
432000,4.8976553711412265
432250,4.8976553711412265
432500,4.8976553711412265
432750,4.8976553711412265
433000,4.8976553711412265
433250,4.737076506513645
433500,4.737076506513645
433750,4.737076506513645
434000,4.737076506513645
434250,4.737076506513645
434500,4.737076506513645
434750,4.737076506513645
435000,4.737076506513645
435250,4.737076506513645
435500,4.737076506513645
435750,4.737076506513645
436000,4.175050480317111
436250,4.175050480317111
436500,4.175050480317111
436750,4.175050480317111
437000,4.175050480317111
437250,4.175050480317111
437500,4.175050480317111
437750,4.175050480317111
438000,4.175050480317111
438250,4.175050480317111
438500,4.0947610480033205
438750,4.0947610480033205
439000,4.0947610480033205
439250,4.0947610480033205
439500,4.0947610480033205
439750,4.0947610480033205
440000,4.0947610480033205
440250,4.0947610480033205
440500,4.0947610480033205
440750,4.0947610480033205
441000,5.2991025327101795
441250,5.2991025327101795
441500,5.2991025327101795
441750,5.2991025327101795
442000,5.2991025327101795
442250,5.2991025327101795
442500,7.654259213914699
442750,7.654259213914699
443000,7.654259213914699
443250,7.654259213914699
443500,7.654259213914699
443750,7.654259213914699
444000,3.8538927510619487
444250,3.8538927510619487
444500,3.8538927510619487
444750,3.8538927510619487
445000,3.8538927510619487
445250,3.8538927510619487
445500,3.8538927510619487
445750,3.8538927510619487
446000,3.8538927510619487
446250,3.8538927510619487
446500,3.8538927510619487
446750,3.8538927510619487
447000,3.8538927510619487
447250,3.8538927510619487
447500,3.8538927510619487
447750,3.8538927510619487
448000,3.8538927510619487
448250,3.8538927510619487
448500,3.8538927510619487
448750,3.8538927510619487
449000,3.8538927510619487
449250,3.8538927510619487
449500,3.8538927510619487
449750,3.8538927510619487
450000,3.8538927510619487
450250,3.8538927510619487
450500,3.8538927510619487
450750,3.8538927510619487
451000,3.8538927510619487
451250,3.8538927510619487
451500,3.8538927510619487
451750,3.7334586025912557
452000,3.7334586025912557
452250,3.7334586025912557
452500,3.7334586025912557
452750,3.7334586025912557
453000,3.7334586025912557
453250,3.7334586025912557
453500,3.7334586025912557
453750,0.4282103056735308
454000,0.4282103056735308
454250,0.4282103056735308
454500,6.262575720475667
454750,6.262575720475667
455000,14.612676681109887
455250,13.32804576408924
455500,10.798928646204828
455750,8.992416419144547
456000,11.882835982441009
456250,11.882835982441009
456500,11.882835982441009
456750,11.882835982441009
457000,11.882835982441009
457250,14.612676681109887
457500,14.612676681109887
457750,14.612676681109887
458000,14.612676681109887
458250,18.466569432171838
458500,15.576149868875376
458750,15.576149868875376
459000,9.152995283772128
459250,9.152995283772128
459500,9.152995283772128
459750,0.588789170301112
460000,0.588789170301112
460250,2.0875252401585556
460500,2.0875252401585556
460750,3.8538927510619487
461000,3.8538927510619487
461250,3.8538927510619487
461500,3.8538927510619487
461750,3.8538927510619487
462000,3.8538927510619487
462250,3.639787598225169
462500,3.639787598225169
462750,3.639787598225169
463000,3.639787598225169
463250,3.639787598225169
463500,1.605788646275812
463750,1.605788646275812
464000,13.167466899461658
464250,13.167466899461658
464500,4.4962082095722735
464750,4.4962082095722735
465000,5.820983842749812
465250,5.820983842749812
465500,5.820983842749812
465750,13.006888034834077
466000,13.006888034834077
466250,13.006888034834077
466500,13.006888034834077
466750,13.006888034834077
467000,8.617732401680186
467250,8.617732401680186
467500,8.617732401680186
467750,3.907419039271147
468000,6.021707423534295
468250,0.2810130130982599
468500,0.2810130130982599
468750,1.7663675109033932
469000,1.7663675109033932
469250,1.7663675109033932
469500,3.6933138864343675
469750,3.6933138864343675
470000,3.6933138864343675
470250,5.37939196502397
470500,5.37939196502397
470750,11.722257117813427
471000,11.722257117813427
471250,20.875252401585556
471500,23.069830218162508
471750,16.05788646275812
472000,14.130940087227145
472250,14.130940087227145
472500,14.130940087227145
472750,14.130940087227145
473000,13.247756331775447
473250,13.247756331775447
473500,13.247756331775447
473750,13.247756331775447
474000,13.247756331775447
474250,11.320809956244476
474500,11.320809956244476
474750,9.634731877654872
475000,9.634731877654872
475250,9.634731877654872
475500,9.634731877654872
475750,7.868364366751479
476000,7.868364366751479
476250,7.868364366751479
476500,7.868364366751479
476750,7.868364366751479
477000,7.868364366751479
477250,9.634731877654872
477500,9.634731877654872
477750,9.634731877654872
478000,9.634731877654872
478250,8.189522096006641
478500,8.189522096006641
478750,6.369628296894049
479000,6.369628296894049
479250,6.369628296894049
479500,4.29548462878779
479750,4.29548462878779
480000,1.5254992139620214
480250,1.5254992139620214
480500,1.5254992139620214
480750,9.474153013027292
481000,9.474153013027292
481250,14.291518951854727
481500,14.291518951854727
481750,14.291518951854727
482000,14.291518951854727
482250,7.02532532745667
482500,7.02532532745667
482750,7.02532532745667
483000,7.02532532745667
483250,8.831837554516966
483500,8.831837554516966
483750,8.831837554516966
484000,8.831837554516966
484250,18.466569432171838
484500,18.466569432171838
484750,12.899835458415694
485000,12.899835458415694
485250,12.899835458415694
485500,12.899835458415694
485750,8.831837554516966
486000,8.831837554516966
486250,8.831837554516966
486500,7.279575196450352
486750,5.37939196502397
487000,5.37939196502397
487250,5.37939196502397
487500,5.37939196502397
487750,0.21410515283677958
488000,0.21410515283677958
488250,0.21410515283677958
488500,1.7663675109033932
488750,1.7663675109033932
489000,3.6933138864343675
489250,3.6933138864343675
489500,3.6933138864343675
489750,3.6933138864343675
490000,2.0875252401585556
490250,2.0875252401585556
490500,2.0875252401585556
490750,0.19269463755310298
491000,0.19269463755310298
491250,0.19269463755310298
491500,0.19269463755310298
491750,0.19269463755310298
492000,0.19269463755310298
492250,0.19269463755310298
492500,0.040144716156888194
492750,0.040144716156888194
493000,0.040144716156888194
493250,0.040144716156888194
493500,0.040144716156888194
493750,0.040144716156888194
494000,0.040144716156888194
494250,0.040144716156888194
494500,0.040144716156888194
494750,0.040144716156888194
495000,1.2846309170206496
495250,1.2846309170206496
495500,1.2846309170206496
495750,1.2846309170206496
496000,1.2846309170206496
496250,1.2846309170206496
496500,1.2846309170206496
496750,1.9269463755309744
497000,1.9269463755309744
497250,1.9269463755309744
497500,1.9269463755309744
497750,1.9269463755309744
498000,1.9269463755309744
498250,1.9269463755309744
498500,1.9269463755309744
498750,1.5254992139620214
499000,1.5254992139620214
499250,1.5254992139620214
499500,1.5254992139620214
499750,1.5254992139620214
500000,1.5254992139620214
500250,1.5254992139620214
500500,0.0802894323137906
500750,0.0802894323137906
501000,0.0802894323137906
501250,0.0802894323137906
501500,0.0802894323137906
501750,0.0802894323137906
502000,0.0802894323137906
502250,0.0802894323137906
502500,0.040144716156888194
502750,0.040144716156888194
503000,0.040144716156888194
503250,0.040144716156888194
503500,0.040144716156888194
503750,0.040144716156888194
504000,0.040144716156888194
504250,0.040144716156888194
504500,0.16057886462758109
504750,0.16057886462758109
505000,0.16057886462758109
505250,0.16057886462758109
505500,0.16057886462758109
505750,0.16057886462758109
506000,1.6860780785896026
506250,1.6860780785896026
506500,1.6860780785896026
506750,1.6860780785896026
507000,1.6860780785896026
507250,1.6860780785896026
507500,1.6860780785896026
507750,1.5656439301189096
508000,1.5656439301189096
508250,1.5656439301189096
508500,1.5656439301189096
508750,1.5656439301189096
509000,1.5656439301189096
509250,1.5656439301189096
509500,1.5656439301189096
509750,1.5656439301189096
510000,1.5656439301189096
510250,0.16057886462758109
510500,0.16057886462758109
510750,0.16057886462758109
511000,0.16057886462758109
511250,0.16057886462758109
511500,0.16057886462758109
511750,0.16057886462758109
512000,0.16057886462758109
512250,0.16057886462758109
512500,0.16057886462758109
512750,0.16057886462758109
513000,0.0
513250,0.0
513500,0.0
513750,0.0
514000,0.0
514250,0.0
514500,0.0
514750,0.0
515000,0.0
515250,0.0
515500,0.0
515750,0.0
516000,0.0
516250,0.0
516500,0.0
516750,0.0
517000,0.0
517250,0.0
517500,0.0
517750,0.0
518000,0.0
518250,0.0
518500,0.0
518750,0.0
519000,0.0
519250,0.0
519500,0.0
519750,0.0
520000,0.0
520250,0.0
520500,0.0
520750,0.0
521000,0.0
521250,0.0
521500,0.0
521750,0.0
522000,0.0
522250,0.0
522500,0.0
522750,0.0
523000,0.0
523250,0.0
523500,0.0
523750,0.0
524000,0.0
524250,0.0
524500,0.0
524750,0.0
525000,0.0
525250,0.0
525500,0.0
525750,0.0
526000,0.0
526250,0.0
526500,0.0
526750,0.0
527000,0.0
527250,0.0
527500,0.0
527750,0.0
528000,0.0
528250,0.0
528500,0.0
528750,0.0
529000,0.0
529250,0.0
529500,0.0
529750,0.0
530000,0.0
530250,0.0
530500,0.0
530750,0.0
531000,0.0
531250,0.0
531500,0.0
531750,0.0
532000,0.0
532250,0.0
532500,0.0
532750,0.0
533000,0.0
533250,0.0
533500,0.0
533750,0.0
534000,0.0
534250,0.0
534500,0.0
534750,0.0
535000,0.0
535250,0.0
535500,0.0
535750,0.0
536000,0.0
536250,0.0
536500,0.0
536750,0.0
537000,0.0
537250,0.0
537500,0.0
537750,0.0
538000,0.0
538250,0.0
538500,0.0
538750,0.0
539000,0.0
539250,0.0802894323137906
539500,0.0802894323137906
539750,0.0802894323137906
540000,0.0802894323137906
540250,0.0802894323137906
540500,0.0802894323137906
540750,0.0802894323137906
541000,0.0802894323137906
541250,3.372156157179205
541500,3.372156157179205
541750,10.437626200792778
542000,7.81483807854228
542250,7.81483807854228
542500,6.316102008684865
542750,6.316102008684865
543000,6.316102008684865
543250,6.316102008684865
543500,1.7663675109033932
543750,1.7663675109033932
544000,1.7663675109033932
544250,1.7663675109033932
544500,2.8502748471395662
544750,7.868364366751479
545000,14.130940087227145
545250,14.130940087227145
545500,12.792782881997297
545750,10.81900100428328
546000,8.831837554516966
546250,8.831837554516966
546500,8.831837554516966
546750,8.671258689889385
547000,8.671258689889385
547250,8.671258689889385
547500,8.671258689889385
547750,15.736728733502957
548000,23.069830218162508
548250,23.069830218162508
548500,23.069830218162508
548750,5.018089519611905
549000,5.018089519611905
549250,5.018089519611905
549500,0.4014471615689529
549750,1.605788646275812
550000,6.9048911789859915
550250,3.6933138864343675
550500,9.47415301302729
550750,11.82930969423181
551000,11.82930969423181
551250,13.970361222599564
551500,6.262575720475667
551750,19.751200349192487
552000,19.751200349192487
552250,22.96277764174411
552500,20.714673536957974
552750,17.181938515151188
553000,17.181938515151188
553250,14.211229519540936
553500,14.211229519540936
553750,14.211229519540936
554000,14.211229519540936
554250,14.211229519540936
554500,12.806164454049593
554750,12.806164454049593
555000,12.806164454049593
555250,12.806164454049593
555500,12.806164454049593
555750,12.806164454049593
556000,11.538738415381914
556250,11.538738415381914
556500,11.538738415381914
556750,15.469097292456993
557000,10.036179039223823
557250,13.729492925658192
557500,13.729492925658192
557750,13.729492925658192
558000,20.714673536957974
558250,20.714673536957974
558500,20.714673536957974
558750,22.320462183233786
559000,16.860780785896026
559250,16.860780785896026
559500,16.860780785896026
559750,10.75878393004794
560000,10.75878393004794
560250,10.75878393004794
560500,6.744312314358411
560750,6.744312314358411
561000,5.620260261965342
561250,5.620260261965342
561500,5.620260261965342
561750,2.689695982511978
562000,2.689695982511978
562250,0.4817365938827435
562500,4.121524192107913
562750,4.121524192107913
563000,1.4452097816482308
563250,1.4452097816482308
563500,1.4452097816482308
563750,13.649203493344402
564000,13.649203493344402
564250,13.649203493344402
564500,6.3830098689463455
564750,6.3830098689463455
565000,6.476680873312446
565250,0.37468401746436075
565500,0.37468401746436075
565750,2.7298406986688803
566000,2.7298406986688803
566250,2.7298406986688803
566500,8.350100960634222
566750,8.350100960634222
567000,9.795310742282451
567250,11.186994235721485
567500,13.649203493344402
567750,16.539623056640863
568000,16.539623056640863
568250,16.539623056640863
568500,21.035831266213137
568750,21.035831266213137
569000,16.780491353582235
569250,16.780491353582235
569500,14.733110829580575
569750,14.733110829580575
570000,14.733110829580575
570250,13.167466899461658
570500,13.167466899461658
570750,13.167466899461658
571000,10.879218078518626
571250,10.879218078518626
571500,8.10923266369285
571750,8.10923266369285
572000,8.10923266369285
572250,5.941417991220504
572500,5.941417991220504
572750,5.941417991220504
573000,0.3211577292551623
573250,0.3211577292551623
573500,1.8734200873217617
573750,1.8734200873217617
574000,1.8734200873217617
574250,1.8734200873217617
574500,5.459681397337761
574750,5.459681397337761
575000,5.459681397337761
575250,5.459681397337761
575500,5.459681397337761
575750,11.561678253185846
576000,11.561678253185846
576250,19.751200349192487
576500,19.751200349192487
576750,19.751200349192487
577000,19.751200349192487
577250,3.0509984279240427
577500,3.0509984279240427
577750,3.0509984279240427
578000,3.0509984279240427
578250,3.0509984279240427
578500,3.0509984279240427
578750,0.0
579000,0.0
579250,0.0
579500,0.0
579750,0.0
580000,0.0
580250,0.0
580500,0.0
580750,0.0
581000,0.0
581250,0.0
581500,0.0
581750,0.0
582000,0.0
582250,0.0
582500,0.0
582750,0.0
583000,0.0
583250,0.0
583500,0.0
583750,0.0
584000,0.0
584250,0.0
584500,0.0
584750,0.0
585000,0.0
585250,0.0
585500,0.0
585750,0.0
586000,0.20072358078446928
586250,0.20072358078446928
586500,0.20072358078446928
586750,0.20072358078446928
587000,0.20072358078446928
587250,0.20072358078446928
587500,2.7298406986688803
587750,2.7298406986688803
588000,5.459681397337761
588250,5.459681397337761
588500,5.459681397337761
588750,5.459681397337761
589000,5.459681397337761
589250,5.459681397337761
589500,5.459681397337761
589750,5.459681397337761
590000,5.459681397337761
590250,5.459681397337761
590500,5.2991025327101795
590750,5.2991025327101795
591000,5.2991025327101795
591250,5.2991025327101795
591500,5.2991025327101795
591750,5.2991025327101795
592000,5.2991025327101795
592250,5.2991025327101795
592500,5.2991025327101795
592750,5.2991025327101795
593000,5.2991025327101795
593250,5.2991025327101795
593500,5.2991025327101795
593750,4.4962082095722735
594000,4.4962082095722735
594250,4.4962082095722735
594500,4.4962082095722735
594750,4.4962082095722735
595000,4.4962082095722735
595250,4.4962082095722735
595500,4.4962082095722735
595750,4.4962082095722735
596000,4.255339912630902
596250,4.255339912630902
596500,4.255339912630902
596750,4.255339912630902
597000,4.255339912630902
597250,4.255339912630902
597500,4.255339912630902
597750,4.255339912630902
598000,3.8538927510619487
598250,3.8538927510619487
598500,3.8538927510619487
598750,3.8538927510619487
599000,3.8538927510619487
599250,3.8538927510619487
599500,3.8538927510619487
599750,3.8538927510619487
600000,3.8538927510619487
600250,3.8538927510619487
600500,3.8538927510619487
600750,3.8538927510619487
601000,3.5327350218067863
601250,3.5327350218067863
601500,3.5327350218067863
601750,3.5327350218067863
602000,3.5327350218067863
602250,3.5327350218067863
602500,3.5327350218067863
602750,3.5327350218067863
603000,3.5327350218067863
603250,3.5327350218067863
603500,3.5327350218067863
603750,3.5327350218067863
604000,3.5327350218067863
604250,3.372156157179205
604500,3.372156157179205
604750,3.372156157179205
605000,3.372156157179205
605250,3.372156157179205
605500,3.372156157179205
605750,2.0875252401585556
606000,2.0875252401585556
606250,2.0875252401585556
606500,2.0875252401585556
606750,2.0875252401585556
607000,0.12043414847067879
607250,0.12043414847067879
607500,0.12043414847067879
607750,0.12043414847067879
608000,0.12043414847067879
608250,0.12043414847067879
608500,0.12043414847067879
608750,0.12043414847067879
609000,0.20072358078446928
609250,0.20072358078446928
609500,0.20072358078446928
609750,0.20072358078446928
610000,0.20072358078446928
610250,0.20072358078446928
610500,0.20072358078446928
610750,0.20072358078446928
611000,2.448827685570606
611250,2.448827685570606
611500,2.448827685570606
611750,2.448827685570606
612000,2.448827685570606
612250,2.448827685570606
612500,2.448827685570606
612750,2.448827685570606
613000,2.569261834041299
613250,2.569261834041299
613500,2.569261834041299
613750,2.569261834041299
614000,2.569261834041299
614250,2.569261834041299
614500,2.569261834041299
614750,2.569261834041299
615000,2.569261834041299
615250,2.569261834041299
615500,2.569261834041299
615750,2.569261834041299
616000,2.569261834041299
616250,1.4452097816482308
616500,1.4452097816482308
616750,1.4452097816482308
617000,1.4452097816482308
617250,0.0802894323137906
617500,0.0802894323137906
617750,0.0802894323137906
618000,0.0802894323137906
618250,0.0802894323137906
618500,0.0802894323137906
618750,0.0802894323137906
619000,0.16057886462758109
619250,0.16057886462758109
619500,0.16057886462758109
619750,0.16057886462758109
620000,0.16057886462758109
620250,0.16057886462758109
620500,0.16057886462758109
620750,0.16057886462758109
621000,0.0
621250,0.0
621500,0.0
621750,0.0
622000,0.0
622250,1.0036179039223754
622500,1.0036179039223754
622750,1.0036179039223754
623000,1.0036179039223754
623250,1.0036179039223754
623500,1.0036179039223754
623750,1.605788646275812
624000,1.605788646275812
624250,1.605788646275812
624500,1.605788646275812
624750,1.605788646275812
625000,1.605788646275812
625250,1.605788646275812
625500,1.605788646275812
625750,1.605788646275812
626000,1.605788646275812
626250,1.5656439301189096
626500,1.5656439301189096
626750,1.5656439301189096
627000,1.5656439301189096
627250,1.5656439301189096
627500,0.16057886462758109
627750,0.16057886462758109
628000,0.16057886462758109
628250,0.16057886462758109
628500,0.16057886462758109
628750,4.0947610480033205
629000,4.0947610480033205
629250,4.0947610480033205
629500,4.0947610480033205
629750,4.0947610480033205
630000,4.0947610480033205
630250,1.5254992139620214
630500,1.5254992139620214
630750,1.5254992139620214
631000,1.5254992139620214
631250,1.5254992139620214
631500,9.795310742282451
631750,9.795310742282451
632000,5.941417991220504
632250,5.941417991220504
632500,5.941417991220504
632750,5.941417991220504
633000,5.941417991220504
633250,5.941417991220504
633500,1.605788646275812
633750,1.605788646275812
634000,1.605788646275812
634250,1.605788646275812
634500,1.605788646275812
634750,1.605788646275812
635000,1.7128412226942018
635250,1.7128412226942018
635500,1.7128412226942018
635750,9.152995283772128
636000,9.152995283772128
636250,9.152995283772128
636500,7.547206637496315
636750,10.437626200792778
637000,10.437626200792778
637250,10.437626200792778
637500,1.7663675109033932
637750,1.7663675109033932
638000,1.7663675109033932
638250,1.7663675109033932
638500,4.121524192107913
638750,4.121524192107913
639000,4.121524192107913
639250,6.391038812177726
639500,6.391038812177726
639750,6.391038812177726
640000,6.391038812177726
640250,6.391038812177726
640500,9.152995283772128
640750,9.152995283772128
641000,9.152995283772128
641250,9.152995283772128
641500,12.311046288114554
641750,12.311046288114554
642000,12.311046288114554
642250,13.68934820950129
642500,19.10888489068216
642750,15.174702707306423
643000,15.174702707306423
643250,22.96277764174411
643500,22.96277764174411
643750,22.96277764174411
644000,22.96277764174411
644250,19.10888489068216
644500,9.634731877654872
644750,9.634731877654872
645000,11.240520523930684
645250,13.809782357971983
645500,13.809782357971983
645750,13.809782357971983
646000,13.809782357971983
646250,10.75878393004794
646500,10.75878393004794
646750,10.75878393004794
647000,10.75878393004794
647250,10.75878393004794
647500,10.75878393004794
647750,6.985180611299782
648000,6.985180611299782
648250,6.985180611299782
648500,6.985180611299782
648750,6.985180611299782
649000,5.556028716114312
649250,5.556028716114312
649500,0.4817365938827435
649750,6.262575720475667
650000,7.868364366751479
650250,7.868364366751479
650500,7.868364366751479
650750,7.868364366751479
651000,7.868364366751479
651250,7.868364366751479
651500,3.6933138864343675
651750,3.6933138864343675
652000,3.6933138864343675
652250,3.6933138864343675
652500,3.6933138864343675
652750,17.181938515151188
653000,6.155523144057284
653250,10.437626200792778
653500,1.8734200873217617
653750,1.8734200873217617
654000,1.8734200873217617
654250,1.8734200873217617
654500,3.4042719301047275
654750,3.4042719301047275
655000,3.4042719301047275
655250,3.4042719301047275
655500,3.4042719301047275
655750,1.9269463755309744
656000,5.2991025327101795
656250,10.437626200792778
656500,10.437626200792778
656750,8.992416419144547
657000,7.145759475927363
657250,7.145759475927363
657500,7.145759475927363
657750,7.145759475927363
658000,7.145759475927363
658250,3.7736033187481572
658500,3.7736033187481572
658750,3.7736033187481572
659000,3.7736033187481572
659250,3.7736033187481572
659500,1.2444862008637543
659750,5.727312838383725
660000,5.727312838383725
660250,5.727312838383725
660500,3.2918667248654145
660750,3.2918667248654145
661000,3.2918667248654145
661250,3.2918667248654145
661500,6.182286288161876
661750,6.182286288161876
662000,4.656787074199855
662250,4.656787074199855
662500,1.0758783930047926
662750,1.0758783930047926
663000,1.0758783930047926
663250,1.0758783930047926
663500,1.0758783930047926
663750,1.605788646275812
664000,1.605788646275812
664250,1.605788646275812
664500,1.605788646275812
664750,1.605788646275812
665000,1.605788646275812
665250,2.408682969413718
665500,2.408682969413718
665750,4.0947610480033205
666000,4.0947610480033205
666250,4.0947610480033205
666500,4.0947610480033205
666750,4.0947610480033205
667000,4.0947610480033205
667250,0.1338157205229891
667500,0.1338157205229891
667750,0.1338157205229891
668000,0.1338157205229891
668250,0.1338157205229891
668500,0.1338157205229891
668750,0.1338157205229891
669000,0.1338157205229891
669250,0.1338157205229891
669500,0.1338157205229891
669750,0.0
670000,0.0
670250,0.0
670500,0.0
670750,0.0
671000,0.0
671250,0.0
671500,0.0
671750,0.0
672000,0.0
672250,0.0
672500,0.0
672750,0.0
673000,0.0
673250,0.0
673500,0.0
673750,0.0
674000,0.0
674250,0.0
674500,0.0
674750,0.16057886462758109
675000,0.16057886462758109
675250,0.16057886462758109
675500,0.16057886462758109
675750,0.16057886462758109
676000,0.16057886462758109
676250,0.16057886462758109
676500,0.16057886462758109
676750,0.16057886462758109
677000,1.4050650654913284
677250,1.4050650654913284
677500,1.4050650654913284
677750,1.4050650654913284
678000,1.4050650654913284
678250,3.077761572028649
678500,3.077761572028649
678750,3.077761572028649
679000,0.0535262882091985
679250,0.0535262882091985
679500,0.0535262882091985
679750,0.0535262882091985
680000,0.0535262882091985
680250,1.1240520523930684
680500,1.1240520523930684
680750,1.1240520523930684
681000,1.1240520523930684
681250,2.6227881222504976
681500,2.6227881222504976
681750,2.6227881222504976
682000,4.977944803455017
682250,4.977944803455017
682500,4.977944803455017
682750,4.977944803455017
683000,4.977944803455017
683250,0.5218813100396317
683500,0.5218813100396317
683750,0.5218813100396317
684000,0.5218813100396317
684250,0.5218813100396317
684500,0.5218813100396317
684750,0.5218813100396317
685000,0.5218813100396317
685250,0.6512365065451888
685500,0.6512365065451888
685750,0.6512365065451888
686000,0.6512365065451888
686250,0.6512365065451888
686500,0.6512365065451888
686750,2.167814672472346
687000,2.167814672472346
687250,2.8904195632964615
687500,2.8904195632964615
687750,2.8904195632964615
688000,2.8904195632964615
688250,2.8904195632964615
688500,1.5254992139620214
688750,1.5254992139620214
689000,1.5254992139620214
689250,1.5254992139620214
689500,1.5254992139620214
689750,1.5254992139620214
690000,1.5254992139620214
690250,1.5254992139620214
690500,0.5459681397337589
690750,0.5459681397337589
691000,0.5459681397337589
691250,0.5459681397337589
691500,0.5459681397337589
691750,0.5459681397337589
692000,0.5459681397337589
692250,0.5459681397337589
692500,0.5459681397337589
692750,0.12043414847067879
693000,0.12043414847067879
693250,0.12043414847067879
693500,0.12043414847067879
693750,0.12043414847067879
694000,0.12043414847067879
694250,0.12043414847067879
694500,0.12043414847067879
694750,0.12043414847067879
695000,0.12043414847067879
695250,0.4817365938827435
695500,0.4817365938827435
695750,0.4817365938827435
696000,0.4817365938827435
696250,0.4817365938827435
696500,0.4817365938827435
696750,0.4817365938827435
697000,0.4817365938827435
697250,0.4817365938827435
697500,0.4817365938827435
697750,0.4817365938827435
698000,0.0
698250,0.0
698500,0.0
698750,0.0
699000,0.0
699250,0.0
699500,0.0
699750,0.0
700000,0.0
700250,0.0
700500,0.0
700750,0.5138523668082654
701000,0.5138523668082654
701250,0.5138523668082654
701500,0.5138523668082654
701750,0.5138523668082654
702000,0.5138523668082654
702250,0.5138523668082654
702500,0.5138523668082654
702750,0.5138523668082654
703000,0.5138523668082654
703250,0.0
703500,0.0
703750,0.0
704000,0.0
704250,0.0
704500,0.0
704750,0.0
705000,0.0
705250,0.0
705500,0.0
705750,0.4175050480317139
706000,0.4175050480317139
706250,0.4175050480317139
706500,0.4175050480317139
706750,0.4175050480317139
707000,0.4175050480317139
707250,0.4175050480317139
707500,0.4175050480317139
707750,0.4175050480317139
708000,0.4175050480317139
708250,0.4175050480317139
708500,0.5352628820919421
708750,0.5352628820919421
709000,0.5352628820919421
709250,0.5352628820919421
709500,0.5352628820919421
709750,0.5352628820919421
710000,0.5352628820919421
710250,0.5352628820919421
710500,0.5352628820919421
710750,0.5352628820919421
711000,0.682460174667213
711250,0.682460174667213
711500,0.682460174667213
711750,0.682460174667213
712000,0.682460174667213
712250,0.682460174667213
712500,0.0535262882091985
712750,0.0535262882091985
713000,0.0535262882091985
713250,0.0535262882091985
713500,0.0535262882091985
713750,0.0535262882091985
714000,0.0535262882091985
714250,0.6423154585103247
714500,0.6423154585103247
714750,0.6423154585103247
715000,0.6423154585103247
715250,0.6423154585103247
715500,0.6423154585103247
715750,0.6423154585103247
716000,0.10705257641836849
716250,0.10705257641836849
716500,0.10705257641836849
716750,1.1240520523930684
717000,1.1240520523930684
717250,1.1240520523930684
717500,1.1240520523930684
717750,1.1240520523930684
718000,0.0
718250,0.0
718500,0.0
718750,0.0
719000,0.0
719250,0.0
719500,0.0
719750,0.0
720000,0.0
720250,0.0
720500,0.5459681397337589
720750,0.5459681397337589
721000,0.5459681397337589
721250,0.5459681397337589
721500,0.5459681397337589
721750,0.5459681397337589
722000,0.5459681397337589
722250,0.5459681397337589
722500,0.5459681397337589
722750,0.5459681397337589
723000,0.12043414847067879
723250,0.12043414847067879
723500,0.12043414847067879
723750,0.12043414847067879
724000,0.12043414847067879
724250,0.12043414847067879
724500,0.12043414847067879
724750,0.12043414847067879
725000,0.12043414847067879
725250,0.12043414847067879
725500,0.2248104104785965
725750,0.2248104104785965
726000,0.2248104104785965
726250,0.2248104104785965
726500,0.2248104104785965
726750,0.2248104104785965
727000,0.2248104104785965
727250,0.2248104104785965
727500,0.2248104104785965
727750,0.2248104104785965
728000,0.2248104104785965
728250,1.1641967685499637
728500,1.1641967685499637
728750,1.1641967685499637
729000,1.1641967685499637
729250,1.1641967685499637
729500,1.1641967685499637
729750,1.1641967685499637
730000,1.1641967685499637
730250,1.1641967685499637
730500,1.1641967685499637
730750,1.1641967685499637
731000,0.24086829694137168
731250,0.24086829694137168
731500,0.24086829694137168
731750,0.24086829694137168
732000,0.24086829694137168
732250,0.24086829694137168
732500,0.24086829694137168
732750,0.24086829694137168
733000,0.24086829694137168
733250,0.24086829694137168
733500,1.1240520523930684
733750,1.1240520523930684
734000,1.1240520523930684
734250,1.1240520523930684
734500,1.1240520523930684
734750,1.1240520523930684
735000,1.1240520523930684
735250,1.1240520523930684
735500,1.1240520523930684
735750,1.1240520523930684
736000,1.1240520523930684
736250,0.040144716156888194
736500,0.040144716156888194
736750,0.040144716156888194
737000,0.040144716156888194
737250,0.040144716156888194
737500,0.040144716156888194
737750,0.040144716156888194
738000,0.040144716156888194
738250,0.040144716156888194
738500,0.040144716156888194
738750,0.0
739000,0.0
739250,0.0
739500,0.0
739750,0.0
740000,0.0
740250,0.0
740500,0.0
740750,0.0
741000,0.0
741250,0.0
741500,0.0
741750,0.0
742000,0.0
742250,0.0
742500,0.0
742750,0.0
743000,0.0
743250,0.0
743500,0.0
743750,0.0
744000,0.0
744250,0.0
744500,0.0
744750,0.0
745000,0.0
745250,0.0
745500,0.0
745750,0.0
746000,0.0
746250,0.0
746500,0.0
746750,0.0
747000,0.0
747250,0.0
747500,0.0
747750,0.0
748000,0.0
748250,0.0
748500,0.0
748750,0.0
749000,0.0
749250,0.0
749500,0.0
749750,0.0
750000,0.0
750250,0.0
750500,0.0
750750,0.0
751000,0.0
751250,0.0
751500,0.0
751750,0.0
752000,0.0
752250,0.0
752500,0.0
752750,0.0
753000,0.0
753250,0.0
753500,0.0
753750,0.0
754000,0.0
754250,0.0
754500,0.040144716156888194
754750,0.040144716156888194
755000,0.040144716156888194
755250,0.040144716156888194
755500,0.040144716156888194
755750,0.040144716156888194
756000,0.040144716156888194
756250,0.040144716156888194
756500,0.040144716156888194
756750,0.040144716156888194
757000,0.040144716156888194
757250,0.2248104104785965
757500,0.2248104104785965
757750,0.2248104104785965
758000,0.2248104104785965
758250,0.2248104104785965
758500,0.2248104104785965
758750,0.2248104104785965
759000,0.2248104104785965
759250,0.2248104104785965
759500,0.2248104104785965
759750,0.2810130130982599
760000,0.2810130130982599
760250,0.2810130130982599
760500,0.2810130130982599
760750,0.2810130130982599
761000,0.2810130130982599
761250,0.2810130130982599
761500,0.2810130130982599
761750,0.2810130130982599
762000,0.2810130130982599
762250,0.2810130130982599
762500,0.5218813100396317
762750,0.5218813100396317
763000,0.5218813100396317
763250,0.5218813100396317
763500,0.5218813100396317
763750,0.5218813100396317
764000,0.5218813100396317
764250,0.5218813100396317
764500,0.5218813100396317
764750,0.5218813100396317
765000,0.5218813100396317
765250,0.2810130130982599
765500,0.2810130130982599
765750,0.2810130130982599
766000,0.2810130130982599
766250,0.2810130130982599
766500,0.2810130130982599
766750,0.2810130130982599
767000,0.2810130130982599
767250,0.2810130130982599
767500,0.2810130130982599
767750,0.0
768000,0.0
768250,0.0
768500,0.0
768750,0.0
769000,0.0
769250,0.0
769500,0.0
769750,0.0
770000,0.0
770250,0.0
770500,0.12043414847067879
770750,0.12043414847067879
771000,0.12043414847067879
771250,0.12043414847067879
771500,0.12043414847067879
771750,0.12043414847067879
772000,0.12043414847067879
772250,0.12043414847067879
772500,3.0509984279240427
772750,3.0509984279240427
773000,3.0509984279240427
773250,3.0509984279240427
773500,3.0509984279240427
773750,0.187342008732159
